Group	IsComplete	IsConstant	RC	PR	N	logLn
[131]	1	0	3	2.76465	4.90715	-221.701
[132]	1	0	3	2.76465	5.75599	-209.21
[133]	1	0	2	0.876668	1.0791	-88.6249
[134]	1	0	2	0.876714	4.11527	-113.263
[135]	1	0	3	2.76465	6.71155	-252.005
[136]	1	0	3	2.76399	4.3304	-184.508
[137]	1	0	0	0.0547235	1.16184	-18.0046
[138]	1	0	2	0.874885	3.1658	-82.0869
[139]	1	0	3	2.76465	6.98547	-269.533
[140]	1	0	1	0.332092	4.22483e-05	-59.024
[141]	1	0	1	0.351779	1.43858	-45.7906
[142]	1	0	2	0.876245	3.62468	-85.2878
[143]	1	0	3	2.76465	7.56489	-205.694
[144]	1	0	1	0.335658	2.67935	-56.1235
[145]	1	0	2	0.877571	2.87709	-133.815
[146]	1	0	3	2.76465	6.43379	-236.512
[147]	1	0	2	0.857225	1.56728	-88.257
[148]	1	0	2	0.876727	2.57406	-115.76
[150]	1	0	3	2.76465	6.4302	-266.912
[154]	1	0	3	2.76465	5.55368	-158.185
[155]	1	0	3	2.76465	5.32205	-249.485
[156]	1	0	3	2.76465	5.84551	-219.36
[157]	1	0	3	2.76464	2.27258	-175.744
[158]	1	0	2	1.10588	4.06383	-135.051
[159]	1	0	3	2.76465	5.57617	-212.436
[160]	1	0	2	0.866784	1.05534	-92.587
[161]	1	0	2	0.876104	0.00105702	-87.181
[162]	1	0	3	2.76465	5.2712	-244.667
[163]	1	0	3	2.76465	5.00143	-215.011
[164]	1	0	2	0.876742	4.27036e-05	-141.329
[165]	1	0	2	0.873754	1.85372e-05	-87.2096
[166]	1	0	3	2.76465	6.89649	-292.057
[167]	1	0	3	2.76465	6.32862	-242.279
[168]	1	0	1	0.207897	1.158e-07	-22.5671
[169]	1	0	2	0.63442	2.65914	-58.524
[170]	1	0	3	2.76465	5.38666	-235.183
[172]	1	0	3	2.76465	7.7191	-252.658
[173]	1	0	3	2.15907	0.00184439	-135.143
[175]	1	0	1	0.305063	7.68268e-06	-32.3871
[176]	1	0	1	0.284985	2.93939e-05	-34.7051
[177]	1	0	1	0.394314	3.41215	-58.9334
[178]	1	0	1	0.345953	2.11254	-57.4068
[183]	1	0	2	0.875258	2.65476	-83.0845
[184]	1	0	3	2.76465	5.67545	-210.619
[186]	1	0	3	2.76001	5.06214	-199.236
[187]	1	0	1	0.316565	3.69135e-06	-80.9369
[188]	1	0	1	0.533073	1.00466	-87.3577
[189]	1	0	1	0.310151	2.77223	-53.1903
[191]	1	0	3	2.57511	0.00282957	-120.841
[192]	1	0	0	0.054872	1.01551	-10.3705
[193]	1	0	0	0.0547239	1.00243	-15.1138
[194]	1	0	0	0.0613258	8.36923e-07	-15.682
[195]	1	0	1	0.238992	2.28284e-07	-27.9628
[196]	1	0	1	0.202941	1.80396e-06	-20.8454
[197]	1	0	1	0.216366	6.71852e-06	-22.3438
[198]	1	0	1	0.29936	1.57599e-05	-48.4025
[199]	1	0	1	0.19723	1.07511e-06	-21.9756
[200]	1	0	2	0.683044	2.13997	-61.7385
[201]	1	0	2	0.876669	0.00119573	-87.7075
[202]	1	0	3	2.68974	5.05876	-178.515
[203]	1	0	2	0.87657	3.99473	-89.7489
[204]	1	0	0	0.173154	0.000517374	-34.137
[205]	1	0	3	2.76465	6.78742	-281.816
[206]	1	0	3	2.7623	1.4018	-159.877
[207]	1	0	3	2.74887	0.0330844	-188.758
[215]	1	0	2	0.890621	0.00958982	-155.918
[216]	1	0	3	2.67813	3.72241	-176.723
[217]	1	0	2	0.877035	9.86564e-06	-83.3123
[218]	1	0	2	0.911098	0.000519396	-100.479
[221]	1	0	1	0.307678	1.35326e-05	-48.4506
[222]	1	0	3	2.35869	2.6815	-103.028
[223]	1	0	2	0.906874	0.0065769	-159.343
[224]	1	0	0	0.0714529	1.08824e-05	-15.2078
[225]	1	0	1	0.313491	1.67471e-08	-35.0726
[226]	1	0	2	0.896507	4.01002	-138.086
[229]	1	0	3	2.76465	5.43179	-219.657
[230]	1	0	3	2.76258	2.24938	-149.212
[231]	1	0	3	2.76105	4.23942	-175.704
[232]	1	0	3	2.76465	6.8543	-189.375
[233]	1	0	3	2.76465	5.80264	-202.299
[234]	1	0	3	2.76463	9.32771	-157.443
[235]	1	0	1	0.308978	2.02991e-06	-40.3793
[236]	1	0	3	2.76464	6.78108	-188.641
[237]	1	0	3	2.76465	7.79793	-256.831
[238]	1	0	2	0.959415	3.57022	-127.256
[239]	1	0	2	0.781707	2.30484	-58.4399
[240]	1	0	2	0.841087	9.90267e-06	-91.9726
[242]	1	0	1	0.326439	1.20159	-59.5922
[243]	1	0	0	0.0654342	1.21943e-09	-21.7967
[245]	1	0	2	0.886746	0.00956231	-81.838
[246]	1	0	1	0.283839	3.25195e-05	-36.4359
[247]	1	0	2	0.88041	0.000596713	-154.78
[248]	1	0	1	0.408106	1.09199e-05	-71.4382
[250]	1	0	3	2.18496	5.0705	-137.875
[251]	1	0	1	0.205877	1.32343e-05	-15.0194
[252]	1	0	2	0.876641	0.000451053	-104.726
[253]	1	0	3	2.76143	0.00033197	-139.081
[254]	1	0	1	0.30345	1.81924e-05	-49.6589
[255]	1	0	2	0.876765	1.50044	-110.285
[256]	1	0	3	2.71284	5.1103	-147.831
[257]	1	0	1	0.476156	1.91132	-70.9306
[258]	1	0	2	0.876752	0.000188986	-151.738
[259]	1	0	1	0.307625	3.68308e-08	-45.272
[260]	1	0	1	0.302761	1.41956e-06	-30.2489
[261]	1	0	0	0.0513888	1.5606e-09	-12.4843
[263]	1	0	0	0.0601465	3.58501e-07	-27.5346
[264]	1	0	1	0.322879	1.93189e-08	-34.5891
[265]	1	0	1	0.345742	1.19757e-06	-68.4028
[267]	1	0	1	0.303541	8.75006e-07	-39.0237
[268]	1	0	0	0.1021	1.88375e-06	-9.49114
[269]	1	0	0	0.0530015	4.23199e-08	-13.0812
[270]	1	0	2	0.876217	1.45341	-90.3228
[271]	1	0	0	0.120036	5.74812e-08	-23.7999
[272]	1	0	2	0.848654	3.57715	-81.4919
[273]	1	0	2	0.867326	4.57301	-76.3575
[274]	1	0	1	0.335069	0.000170715	-30.0319
[275]	1	0	2	0.862126	0.000173024	-105.99
[276]	1	0	0	0.0513935	2.18252e-07	-12.959
[277]	1	0	1	0.304394	1.6501e-07	-36.4927
[279]	1	0	0	0.0555342	6.51076e-07	-16.6018
[281]	1	0	1	0.307048	2.43986e-05	-47.4391
[282]	1	0	0	0.0519827	1.9431e-08	-13.3199
[283]	1	0	0	0.135119	7.08009e-08	-24.0189
[286]	1	0	0	0.0898363	3.32561e-07	-20.7928
[287]	1	0	0	0.0529879	4.19249e-08	-12.8728
[288]	1	0	0	0.0564586	2.00206e-05	-20.4512
[289]	1	0	1	0.28119	1.5687e-07	-35.2965
[291]	1	0	1	0.329903	3.49475	-56.1172
[292]	1	0	1	0.308773	1.06493	-58.9558
[293]	1	0	0	0.055265	1.07655e-07	-21.8936
[295]	1	0	1	0.309338	7.84243e-07	-34.559
[299]	1	0	1	0.291353	3.15873e-06	-39.7451
[300]	1	0	0	0.10294	1.87367e-07	-10.9657
[301]	1	0	0	0.0620677	2.65093e-08	-22.3056
[308]	1	0	2	0.859943	3.21389e-05	-69.3832
[309]	1	0	0	0.0521832	4.31897e-06	-13.2624
[310]	1	0	1	0.308185	1.31672	-43.8427
[311]	1	0	2	0.876737	2.31166	-124.921
[312]	1	0	1	0.244838	5.60031e-06	-19.5666
[313]	1	0	0	0.076554	1.8963e-06	-27.3236
[314]	1	0	0	0.0515448	1.07619e-09	-9.25358
[315]	1	0	0	0.0515519	2.48751e-09	-9.46532
[316]	1	0	1	0.199122	1.75719	-32.9106
[317]	1	0	0	0.0581291	0.999966	-15.21
[318]	1	0	1	0.30117	1.00566	-41.5529
[319]	1	0	0	0.0575349	6.49069e-10	-13.469
[321]	1	0	0	0.0601063	1.00784e-09	-22.7856
[323]	1	0	0	0.052996	7.32401e-08	-10.838
[326]	1	0	0	0.0590256	1.00121	-10.0644
[327]	1	0	2	0.876737	5.9702e-06	-113.323
[328]	1	0	0	0.0691655	3.24479e-06	-22.6884
[329]	1	0	0	0.0591627	9.95117e-06	-9.34147
[331]	1	0	0	0.0665534	7.16219e-09	-27.4123
[332]	1	0	2	0.633639	3.17443e-06	-79.557
[333]	1	0	1	0.309799	7.40596e-08	-54.8296
[334]	1	0	2	0.725766	4.25094	-72.6161
[335]	1	0	2	0.876133	5.46071	-83.0107
[336]	1	0	2	0.688547	0.000724457	-63.8419
[337]	1	0	2	0.671924	0.000432501	-96.3673
[339]	1	0	1	0.315892	6.83176e-07	-56.3467
[340]	1	0	1	0.307191	8.15421e-05	-51.713
[341]	1	0	0	0.0513974	3.83679e-07	-12.5405
[343]	1	0	0	0.0517287	1.16179e-08	-10.8778
[344]	1	0	2	0.876045	0.000393681	-71.3146
[345]	1	0	1	0.321488	2.16239e-07	-77.2617
[346]	1	0	2	0.723693	0.000416383	-51.6952
[347]	1	0	1	0.306126	1.717	-45.1775
[350]	1	0	2	0.876656	1.05684	-103.716
[351]	1	0	0	0.0528553	4.85713e-10	-17.1348
[352]	1	0	2	0.867066	0.000263192	-70.0518
[353]	1	0	2	0.699037	3.42115	-66.378
[354]	1	0	0	0.0854049	1.43491	-21.992
[355]	1	0	2	0.900476	4.88404	-134.181
[356]	1	0	1	0.314853	0.00813473	-60.4153
[357]	1	0	2	0.875929	3.30208	-73.0548
[358]	1	0	2	0.876006	5.40064	-102.039
[359]	1	0	2	0.930231	5.73074e-05	-152.223
[360]	1	0	3	2.76465	0.070272	-252.333
[361]	1	0	1	0.311895	1.02707	-34.8443
[363]	1	0	1	0.368343	3.76231	-57.239
[364]	1	0	1	0.314956	2.3618e-07	-56.2292
[366]	1	0	2	0.877847	2.88719	-134.087
[367]	1	0	2	0.676233	1.28731	-52.7887
[368]	1	0	0	0.0601637	1.16296e-07	-24.9085
[371]	1	0	0	0.0654924	1.31684e-09	-21.4987
[372]	1	0	2	0.867172	0.000145955	-100.155
[374]	1	0	2	0.876742	0.00104852	-143.843
[375]	1	0	1	0.317779	1.37594e-05	-37.5388
[377]	1	0	1	0.436194	1.58205	-79.926
[378]	1	0	3	2.76465	8.56514	-199.917
[386]	1	0	3	2.76465	7.39061	-230.675
[387]	1	0	3	2.30496	0.092731	-132.182
[388]	1	0	1	0.31342	1.00985	-74.1958
[389]	1	0	1	0.319834	8.9712e-05	-44.3463
[390]	1	0	1	0.338169	8.06712e-05	-47.1932
[391]	1	0	1	0.31103	1.66685e-06	-50.7779
[392]	1	0	0	0.0611849	2.34935e-07	-19.2791
[393]	1	0	1	0.311058	8.68817e-08	-55.3612
[395]	1	0	1	0.304657	3.06378e-06	-38.7056
[397]	1	0	2	0.876737	3.23407	-105.224
[398]	1	0	0	0.0680043	1.23695e-07	-24.513
[399]	1	0	0	0.112252	1.62592	-20.5194
[400]	1	0	2	0.856677	3.67453	-89.8046
[401]	1	0	2	0.87672	3.92244	-109.401
[403]	1	0	2	0.826938	3.44747	-96.1828
[404]	1	0	3	2.7646	2.37697	-169.437
[405]	1	0	0	0.135976	1.42077	-25.568
[406]	1	0	2	0.767319	0.000311293	-93.5389
[407]	1	0	2	0.804292	1.64762	-74.9054
[408]	1	0	2	0.824502	1.2047e-05	-87.5556
[410]	1	0	2	0.87669	3.10233	-90.236
[411]	1	0	1	0.207527	4.3583e-07	-19.0607
[413]	1	0	0	0.0574961	1.00574	-11.9063
[414]	1	0	3	2.76465	4.93624	-175.268
