Group	Size	IsConstant	Dmax	Stat	Nmin	p.value	nobs	code	Method	FDR
[147;157]	2	no	0.183705	0.816295	1.56728	0.0437622955991075	348701	*	charge	no
[353;397]	2	no	0.443686	0.556314	3.23407	0.0461919112116152	211378	*	charge	no
[367;413]	2	no	0.122811	0.877189	1.00574	0.0479694948963177	273527	*	charge	no
[143;146]	2	no	0.526655	0.473345	6.43379	0.0533397809221454	47562	.	charge	no
[334;363]	2	no	0.466692	0.533308	3.76231	0.0594179595574533	187821	.	charge	no
[141;399]	2	no	0.330948	0.669052	1.43858	0.0607629395044739	332817	.	charge	no
[148;177]	2	no	0.445304	0.554696	2.57406	0.0615312542909529	247613	.	charge	no
[256;273]	2	no	0.505323	0.494677	4.57301	0.0944656089086114	143321	.	charge	no
[257;310]	2	no	0.436943	0.563057	1.31672	0.151960016784934	319333	NS	charge	no
[350;377]	2	no	0.447581	0.552419	1.05684	0.173830356420956	284466	NS	charge	no
[131;159]	2	no	0.561385	0.438615	4.90715	0.254923467299664	122169	NS	charge	no
[184;250]	2	no	0.579744	0.420256	5.0705	0.345801397303543	112072	NS	charge	no
[138;155]	2	no	0.591154	0.408846	3.1658	0.455464952538678	213752	NS	charge	no
[239;357]	2	no	0.593958	0.406042	2.30484	0.484883201072985	286303	NS	charge	no
[135;226]	2	no	0.600099	0.399901	4.01002	0.5137122834118	176082	NS	charge	no
[354;407]	2	no	0.605245	0.394755	1.43491	0.516927381024006	332419	NS	charge	no
[137;311]	2	no	0.607876	0.392124	1.16184	0.520273305752429	298273	NS	charge	no
[166;386]	2	no	0.622222	0.377778	6.89649	0.640313672840448	32772	NS	charge	no
[183;188]	2	no	0.670484	0.329516	1.00466	0.641250749893917	273371	NS	charge	no
[134;230]	2	no	0.663601	0.336399	2.24938	0.806505394837523	284901	NS	charge	no
[403;410]	2	no	0.657591	0.342409	3.10233	0.872026075813012	215371	NS	charge	no
[136;234]	2	no	0.655187	0.344813	4.3304	0.880645181702556	158032	NS	charge	no
[203;400]	2	no	0.656428	0.343572	3.67453	0.881335715439066	191986	NS	charge	no
[237;238]	2	no	0.65889	0.34111	3.57022	0.891313438315927	196095	NS	charge	no
[163;216]	2	no	0.658724	0.341276	3.72241	0.89304431812784	189470	NS	charge	no
[206;405]	2	no	0.707123	0.292877	1.4018	0.953166419416815	328951	NS	charge	no
[255;270]	2	no	0.707196	0.292804	1.45341	0.979990192443397	334435	NS	charge	no
[178;316]	2	no	0.710083	0.289917	1.75719	0.999981080467475	369987	NS	charge	no
[167;170;186]	3	no	0.632882	0.581136	5.06214	0.0432848382830347	16633	*	charge	no
[154;172;162]	3	no	0.67848	0.534361	5.2712	0.273068669527897	14911	NS	charge	no
[133;160;292]	3	no	0.707147	0.423479	1.05534	0.385905400769905	52473	NS	charge	no
[192;318;388]	3	no	0.707108	0.422716	1.00566	0.420060742932793	51363	NS	charge	no
[193;317;326]	3	no	0.707107	0.42265	0.999966	0.598536299765808	51239	NS	charge	no
[271;287;333]	3	no	0.701259	0.642942	4.19249e-08	1	91887	NS	charge	no
[142;144;158;335]	4	no	0.739	0.648215	2.67935	0.0913066649946705	63795	.	charge	no
[145;347;200;242]	4	no	0.718098	0.610141	1.20159	0.290926195159497	58464	NS	charge	no
[132;233;231;414]	4	no	0.710912	0.607463	4.23942	0.337610874323235	43404	NS	charge	no
[156;358;229;378]	4	no	0.720651	0.577858	5.40064	0.628518456093039	17798	NS	charge	no
[140;308;246;288]	4	no	0.897216	0.591856	2.00206e-05	1	64252	NS	charge	no
[207;356;360;387]	4	no	0.974525	0.0803144	0.00813473	1	64264	NS	charge	no
[198;248;329;217;312]	5	no	0.849223	0.563759	5.60031e-06	1	41745	NS	charge	no
[139;232;236;150;202;205]	6	no	0.739402	0.733876	5.05876	0.002152466367713	5574	**	charge	yes
[173;218;344;346;247;336]	6	no	0.951148	0.495932	0.000393681	1	31613	NS	charge	no
[194;411;199;267;279;260]	6	no	0.934851	0.518957	4.3583e-07	1	31613	NS	charge	no
[165;254;221;251;375;281;408]	7	no	0.825906	0.718901	1.2047e-05	1	23548	NS	charge	no
[161;374;201;191;215;223;245]	7	no	0.98628	0.583482	0.00104852	1	23548	NS	charge	no
[164;176;359;204;252;337;406]	7	no	0.982266	0.773689	2.93939e-05	1	23548	NS	charge	no
[169;366;189;222;272;291;401;404]	8	no	0.769841	0.727402	2.37697	0.249685798072895	14321	NS	charge	no
[175;327;187;197;309;224;240;332]	8	no	0.925172	0.848854	3.17443e-06	1	18258	NS	charge	no
[269;283;277;393;398;289;323;345]	8	no	0.99229	0.566659	4.23199e-08	1	18258	NS	charge	no
[243;321;319;351;261;314;315;371]	8	no	0.96423	0.548117	4.85713e-10	1	18258	NS	charge	no
[253;258;352;372;274;275;340;390;389]	9	no	0.942262	0.611596	8.06712e-05	1	14402	NS	charge	no
[196;391;235;268;313;299;328;395;265]	9	no	0.854088	0.752122	1.19757e-06	1	14402	NS	charge	no
[168;368;293;263;341;295;286;339;364;392]	10	no	0.973387	0.521665	1.07655e-07	1	11791	NS	charge	no
[195;300;276;225;282;331;343;264;259;301]	10	no	0.988981	0.706415	7.16219e-09	1	11791	NS	charge	no
